# Netlify/Vercel Redirects for old URLs to new structure
# Old PMU service URLs
 /service-pmu/ /service/pmu-permanent-makeup/ 301
 /service-pmu /service/pmu-permanent-makeup/ 301
 /pmu-permanent-makeup/ /service/pmu-permanent-makeup/ 301
 /permanent-makeup/ /service/pmu-permanent-makeup/ 301

# Old training URLs  
 /training-courses/ /training/ 301
 /training-courses /training/ 301
 /courses/ /training/ 301
 /academy/ /training/ 301

# Old about URLs
 /about/ /about-us/ 301
 /about /about-us/ 301
 /company/ /about-us/ 301

# Old portfolio/gallery URLs
 /portfolio/ /projects/ 301
 /portfolio /projects/ 301
 /gallery/ /projects/ 301
 /work/ /projects/ 301

# Old contact URLs
 /contact-us/ /contact/ 301
 /contact-us /contact/ 301
 /get-in-touch/ /contact/ 301

# Old service-specific URLs
 /microblading/ /service/micro-blading/ 301
 /eyebrow-tattoo/ /service/micro-blading/ 301
 /lip-tattoo/ /service/lip-treatments/ 301
 /eyeliner-tattoo/ /service/eyeliners/ 301

# Language-specific redirects for homepage
/home/ / 301
/index.html / 301
/homepage/ / 301

# Vietnamese old URLs (tiếng Việt cũ)
/san-pham-cham-soc-da/ /vi/service/pmu-permanent-makeup/ 301
/san-pham-cham-soc-da /vi/service/pmu-permanent-makeup/ 301
/cham-soc-da/ /vi/service/pmu-permanent-makeup/ 301
/dich-vu-pmu/ /vi/service/pmu-permanent-makeup/ 301
/dao-tao/ /vi/training/ 301
/lien-he/ /vi/contact/ 301

 # Blog/Tag old URLs
 /tag/2025-permanent-makeup-trends/ /news/ 301
 /tag/2025-permanent-makeup-trends /news/ 301
 /tag/permanent-makeup-trends/ /news/ 301
 /tag/pmu-trends/ /news/ 301
 /blog/2025-trends/ /news/ 301
 /trends/ /news/ 301
 /makeup-trends/ /service/pmu-permanent-makeup/ 301

# Catch-all for common variations
 /services/ /service/pmu-permanent-makeup/ 301
 /service/ /service/pmu-permanent-makeup/ 301